{"schemaVersion":"1.0","appDefinitionTemplate":{"id":"/providers/Microsoft.PowerApps/apps/","type":"Microsoft.PowerApps/apps","tags":{"primaryDeviceWidth":"1366","primaryDeviceHeight":"768","sienaVersion":"20200716T235610Z-3.20064.23.0","deviceCapabilities":"","supportsPortrait":"false","supportsLandscape":"true","primaryFormFactor":"Tablet","publisherVersion":"3.20064.23","minimumRequiredApiVersion":"2.2.0","hasComponent":"false","hasUnlockedComponent":"false","isUnifiedRootApp":"false"},"properties":{"appVersion":"2020-07-16T23:56:10Z","lifeCycleId":"Published","createdByClientVersion":{"major":3,"minor":20064,"build":23,"revision":0,"majorRevision":0,"minorRevision":0},"minClientVersion":{"major":3,"minor":20064,"build":23,"revision":0,"majorRevision":0,"minorRevision":0},"backgroundColor":"rgba(0, 134, 208, 1)","backgroundImageUri":"/10679049048221147921/N380d90ee-8b30-4242-bcb4-19b40d1434ba-logoSmallFile","displayName":"Staff Check-ins Admins","description":"","commitMessage":"","appUris":{"documentUri":{"value":"/10679049048221147921/N10c4318a-6bb8-4222-9f20-b4399b4eb620-document.msapp","readonlyValue":"/10679049048221147921/N10c4318a-6bb8-4222-9f20-b4399b4eb620-document.msapp"},"imageUris":[]},"createdTime":"0001-01-01T00:00:00Z","lastModifiedTime":"0001-01-01T00:00:00Z","sharedGroupsCount":0,"sharedUsersCount":0,"icons":{"smallIconUri":"/10679049048221147921/N0c621945-3eaf-4356-99cf-4617174ba750-small.png","mediumIconUri":"/10679049048221147921/Ne030ccbf-4861-43f5-a2cf-af332e290537-medium.png","largeIconUri":"/10679049048221147921/N40a2d57b-5099-4b91-a280-1e57a5277e2d-large.png","wideIconUri":"/10679049048221147921/N902a6ecd-aee5-4383-85b1-0b220085e7f5-wide.png"},"connectionReferences":{"06b8ec78-deda-47e9-8a3b-fd7d0f259638":{"id":"a1322c03-11e9-4606-9011-1d34df74068b","displayName":"Office 365 Users","iconUri":"https://connectoricons-prod.azureedge.net/office365users/icon_1.0.1357.2029.png","dataSources":["Office365Users"],"dependencies":[],"dependents":[],"parameterHints":{},"isOnPremiseConnection":false,"bypassConsent":false,"dataSets":{},"apiTier":"Standard","isCustomApiConnection":false},"8962b6f8-58d0-41a1-8e58-9419f4c441fc":{"id":"3697126d-ad6d-45ce-8d46-10bba58d7e11","displayName":"Microsoft Teams","iconUri":"https://connectoricons-prod.azureedge.net/teams/icon_1.0.1366.2054.png","dataSources":["MicrosoftTeams"],"dependencies":[],"dependents":[],"parameterHints":{},"isOnPremiseConnection":false,"bypassConsent":false,"dataSets":{},"apiTier":"Standard","isCustomApiConnection":false},"b78fec59-c9bc-41df-82f3-ca8eb713110c":{"id":"a3be1207-18b2-4162-bffd-bcffe1096bf5","displayName":"Office 365 Groups","iconUri":"https://connectoricons-prod.azureedge.net/office365groups/icon_1.0.1329.1953.png","dataSources":["Office365Groups"],"dependencies":[],"dependents":[],"parameterHints":{},"isOnPremiseConnection":false,"bypassConsent":false,"dataSets":{},"apiTier":"Standard","isCustomApiConnection":false},"d9e5617a-86a7-486c-bd2d-d165d53a506c":{"id":"99df283b-deeb-4fd4-9d42-35359daf4be3","displayName":"Logic flows","iconUri":"https://resourcestackdeploy.blob.core.windows.net/scripts/13276078.png","dataSources":["GetMyCheckInSchedules"],"dependencies":["7cac58d0-a4a1-4e00-b39f-eda0765793aa"],"dependents":[],"parameterHints":{"workflowName":{"value":"b22fae69-e4d0-45c0-a961-4708a12b1b7d"},"7cac58d0-a4a1-4e00-b39f-eda0765793aa":{"value":"shared_sharepointonline"}},"isOnPremiseConnection":false,"bypassConsent":false,"dataSets":{},"apiTier":"Standard","isCustomApiConnection":false},"7cac58d0-a4a1-4e00-b39f-eda0765793aa":{"id":"acaa2f6c-1584-4816-b72f-3be2e7c7014b","displayName":"SharePoint","iconUri":"https://connectoricons-prod.azureedge.net/sharepointonline/icon_1.0.1363.2042.png","dataSources":["UserCheck-ins","Check-inSchedule"],"dependencies":[],"dependents":["d9e5617a-86a7-486c-bd2d-d165d53a506c","7a48a48a-f17b-479d-9714-5cd32a1dc3e6","e27c6bf1-4495-4147-b228-d7628f099ada"],"parameterHints":{},"isOnPremiseConnection":false,"bypassConsent":false,"dataSets":{"https://m365x699623.sharepoint.com/sites/SaffCheckinsFLW":{"dataSources":{"UserCheck-ins":{"tableName":"56885b3d-8dd5-4ea7-a476-8364023e4ee7"},"Check-inSchedule":{"tableName":"daf4d731-a5b8-4964-af7c-8efde6c7afe1"}}}},"apiTier":"Standard","isCustomApiConnection":false},"4daafcf3-60bc-4882-b779-fe2e77c0aead":{"id":"99df283b-deeb-4fd4-9d42-35359daf4be3","displayName":"Logic flows","iconUri":"https://resourcestackdeploy.blob.core.windows.net/scripts/13276078.png","dataSources":["CheckinUsersReportExport"],"dependencies":["82be00df-b31f-4768-8ed4-748be3e72072","44b2638c-07b6-4ab3-8fd1-e3351e346c81"],"dependents":[],"parameterHints":{"workflowName":{"value":"ea5091bb-b16c-4f3a-9b1e-96d01d6a3b0f"},"82be00df-b31f-4768-8ed4-748be3e72072":{"value":"shared_sharepointonline"},"44b2638c-07b6-4ab3-8fd1-e3351e346c81":{"value":"shared_onedriveforbusiness"}},"isOnPremiseConnection":false,"bypassConsent":false,"dataSets":{},"apiTier":"Standard","isCustomApiConnection":false},"82be00df-b31f-4768-8ed4-748be3e72072":{"id":"acaa2f6c-1584-4816-b72f-3be2e7c7014b","displayName":"SharePoint","iconUri":"https://connectoricons-prod.azureedge.net/sharepointonline/icon_1.0.1363.2042.png","dataSources":[],"dependencies":[],"dependents":["4daafcf3-60bc-4882-b779-fe2e77c0aead"],"parameterHints":{},"isOnPremiseConnection":false,"bypassConsent":false,"dataSets":{},"apiTier":"Standard","isCustomApiConnection":false},"44b2638c-07b6-4ab3-8fd1-e3351e346c81":{"id":"bd965f89-c1a6-4e66-9274-fbb7751cd65c","displayName":"OneDrive for Business","iconUri":"https://connectoricons-prod.azureedge.net/onedriveforbusiness/icon_1.0.1341.1987.png","dataSources":[],"dependencies":[],"dependents":["4daafcf3-60bc-4882-b779-fe2e77c0aead"],"parameterHints":{},"isOnPremiseConnection":false,"bypassConsent":false,"dataSets":{},"apiTier":"Standard","isCustomApiConnection":false},"7a48a48a-f17b-479d-9714-5cd32a1dc3e6":{"id":"99df283b-deeb-4fd4-9d42-35359daf4be3","displayName":"Logic flows","iconUri":"https://resourcestackdeploy.blob.core.windows.net/scripts/13276078.png","dataSources":["StaffCheckinReports"],"dependencies":["7cac58d0-a4a1-4e00-b39f-eda0765793aa"],"dependents":[],"parameterHints":{"workflowName":{"value":"17b1c873-ff76-45d7-a289-764e31c04196"},"7cac58d0-a4a1-4e00-b39f-eda0765793aa":{"value":"shared_sharepointonline"}},"isOnPremiseConnection":false,"bypassConsent":false,"dataSets":{},"apiTier":"Standard","isCustomApiConnection":false},"e27c6bf1-4495-4147-b228-d7628f099ada":{"id":"99df283b-deeb-4fd4-9d42-35359daf4be3","displayName":"Logic flows","iconUri":"https://resourcestackdeploy.blob.core.windows.net/scripts/13276078.png","dataSources":["StaffCheckinTeamReports"],"dependencies":["7cac58d0-a4a1-4e00-b39f-eda0765793aa"],"dependents":[],"parameterHints":{"workflowName":{"value":"95be9834-5098-4943-9c4e-4eff45729f89"},"7cac58d0-a4a1-4e00-b39f-eda0765793aa":{"value":"shared_sharepointonline"}},"isOnPremiseConnection":false,"bypassConsent":false,"dataSets":{},"apiTier":"Standard","isCustomApiConnection":false}},"databaseReferences":{},"almMode":"Environment","performanceOptimizationEnabled":true,"canConsumeAppPass":true},"isAppComponentLibrary":false,"appType":"ClassicCanvasApp","appComponents":[]}}