{"schemaVersion":"1.0","appDefinitionTemplate":{"id":"/providers/Microsoft.PowerApps/apps/","type":"Microsoft.PowerApps/apps","tags":{"primaryDeviceWidth":"640","primaryDeviceHeight":"1136","sienaVersion":"20200626T215538Z-3.20062.23.0","deviceCapabilities":"webcam,location","supportsPortrait":"true","supportsLandscape":"false","primaryFormFactor":"Phone","publisherVersion":"3.20062.23","minimumRequiredApiVersion":"2.2.0","hasComponent":"false","hasUnlockedComponent":"false","isUnifiedRootApp":"false"},"properties":{"appVersion":"2020-06-26T21:55:38Z","lifeCycleId":"Published","createdByClientVersion":{"major":3,"minor":20062,"build":23,"revision":0,"majorRevision":0,"minorRevision":0},"minClientVersion":{"major":3,"minor":20062,"build":23,"revision":0,"majorRevision":0,"minorRevision":0},"backgroundColor":"rgba(0, 134, 208, 1)","backgroundImageUri":"/940285859668757805/Nc828f392-d8de-4e6e-a719-d627fd59e930-logoSmallFile","displayName":"Staff Check-ins","description":"","commitMessage":"","appUris":{"documentUri":{"value":"/940285859668757805/N80cac0ae-c72a-4f0f-89e0-7d217fe5c933-document.msapp","readonlyValue":"/940285859668757805/N80cac0ae-c72a-4f0f-89e0-7d217fe5c933-document.msapp"},"imageUris":[]},"createdTime":"0001-01-01T00:00:00Z","lastModifiedTime":"0001-01-01T00:00:00Z","sharedGroupsCount":0,"sharedUsersCount":0,"icons":{"smallIconUri":"/940285859668757805/Nc6ef9254-2a43-4bc7-b989-190f5c0bbbaf-small.png","mediumIconUri":"/940285859668757805/Nf0184ffd-3496-43c9-9945-4b3eaa92fb52-medium.png","largeIconUri":"/940285859668757805/N528f3583-988a-4099-ae96-5f235c2f492f-large.png","wideIconUri":"/940285859668757805/N36d99c51-824d-4320-a895-645cb4b1984d-wide.png"},"connectionReferences":{"da6b8a61-b145-4136-a9ff-51e3cba93d05":{"id":"a1322c03-11e9-4606-9011-1d34df74068b","displayName":"Office 365 Users","iconUri":"https://connectoricons-prod.azureedge.net/office365users/icon_1.0.1357.2029.png","dataSources":["Office365Users"],"dependencies":[],"dependents":[],"parameterHints":{},"isOnPremiseConnection":false,"bypassConsent":false,"dataSets":{},"apiTier":"Standard","isCustomApiConnection":false},"b4e1d9a0-a60a-441e-82df-317126adb944":{"id":"a3be1207-18b2-4162-bffd-bcffe1096bf5","displayName":"Office 365 Groups","iconUri":"https://connectoricons-prod.azureedge.net/office365groups/icon_1.0.1329.1953.png","dataSources":["Office365Groups"],"dependencies":[],"dependents":[],"parameterHints":{},"isOnPremiseConnection":false,"bypassConsent":false,"dataSets":{},"apiTier":"Standard","isCustomApiConnection":false},"7dc290f3-269e-4870-aa79-98dee273ae56":{"id":"1ba6c326-49c3-461b-88d5-45613b4a7998","displayName":"Bing Maps","iconUri":"https://connectoricons-prod.azureedge.net/bingmaps/icon_1.0.1329.1953.png","dataSources":["BingMaps"],"dependencies":[],"dependents":[],"parameterHints":{},"isOnPremiseConnection":false,"sharedConnectionId":"1e01520e-2bf0-4dc9-8cd3-9ce3d4a17408","bypassConsent":false,"dataSets":{},"apiTier":"Standard","isCustomApiConnection":false},"3c1df8fa-1c3d-42d8-959c-66516267271d":{"id":"3697126d-ad6d-45ce-8d46-10bba58d7e11","displayName":"Microsoft Teams","iconUri":"https://connectoricons-prod.azureedge.net/teams/icon_1.0.1355.2023.png","dataSources":["MicrosoftTeams"],"dependencies":[],"dependents":[],"parameterHints":{},"isOnPremiseConnection":false,"bypassConsent":false,"dataSets":{},"apiTier":"Standard","isCustomApiConnection":false},"66d48022-925a-4529-81a1-6cf41c660348":{"id":"acaa2f6c-1584-4816-b72f-3be2e7c7014b","displayName":"SharePoint","iconUri":"https://connectoricons-prod.azureedge.net/sharepointonline/icon_1.0.1363.2042.png","dataSources":["UserCheck-ins","Check-inSchedule"],"dependencies":[],"dependents":[],"parameterHints":{},"isOnPremiseConnection":false,"bypassConsent":false,"dataSets":{"https://m365x699623.sharepoint.com/sites/SaffCheckinsFLW":{"dataSources":{"UserCheck-ins":{"tableName":"56885b3d-8dd5-4ea7-a476-8364023e4ee7"},"Check-inSchedule":{"tableName":"daf4d731-a5b8-4964-af7c-8efde6c7afe1"}}}},"apiTier":"Standard","isCustomApiConnection":false}},"databaseReferences":{},"almMode":"Environment","performanceOptimizationEnabled":true,"canConsumeAppPass":true},"isAppComponentLibrary":false,"appType":"ClassicCanvasApp","appComponents":[]}}