{"schemaVersion":"1.0","appDefinitionTemplate":{"id":"/providers/Microsoft.PowerApps/apps/","type":"Microsoft.PowerApps/apps","tags":{"primaryDeviceWidth":"640","primaryDeviceHeight":"1136","sienaVersion":"20201007T042707Z-3.20094.24.0","deviceCapabilities":"location","supportsPortrait":"true","supportsLandscape":"false","primaryFormFactor":"Phone","publisherVersion":"3.20094.24","minimumRequiredApiVersion":"2.2.0","hasComponent":"false","hasUnlockedComponent":"false","isUnifiedRootApp":"false"},"properties":{"appVersion":"2020-10-07T04:27:07Z","lifeCycleId":"Published","createdByClientVersion":{"major":3,"minor":20094,"build":24,"revision":0,"majorRevision":0,"minorRevision":0},"minClientVersion":{"major":3,"minor":20094,"build":24,"revision":0,"majorRevision":0,"minorRevision":0},"backgroundColor":"rgba(0, 134, 208, 1)","backgroundImageUri":"/14294919854703618687/Ne9cf039d-5655-41da-bf10-ff31a086a58c-logoSmallFile","displayName":"Staff Check-ins","description":"","commitMessage":"Set UseMobileCamera to true for both screen","appUris":{"documentUri":{"value":"/14294919854703618687/N33d8b900-ddf7-4190-8752-3fca1f88e644-document.msapp","readonlyValue":"/14294919854703618687/N33d8b900-ddf7-4190-8752-3fca1f88e644-document.msapp"},"imageUris":[]},"createdTime":"0001-01-01T00:00:00Z","lastModifiedTime":"0001-01-01T00:00:00Z","sharedGroupsCount":0,"sharedUsersCount":0,"icons":{"smallIconUri":"/14294919854703618687/N7b223f37-797b-45d0-9c94-0332f8979fc8-small.png","mediumIconUri":"/14294919854703618687/N262d214d-a903-49c7-b64a-38f0492023a6-medium.png","largeIconUri":"/14294919854703618687/N7134ec85-6bcf-4c11-b551-cff20a08b714-large.png","wideIconUri":"/14294919854703618687/Nbceaa9ae-2eea-480f-a65a-05e1bf94db58-wide.png"},"connectionReferences":{"da6b8a61-b145-4136-a9ff-51e3cba93d05":{"id":"e1646ac4-7e96-4026-8190-62261a4548d9","displayName":"Office 365 Users","iconUri":"https://connectoricons-prod.azureedge.net/releases/v1.0.1402/1.0.1402.2163/office365users/icon.png","dataSources":["Office365Users"],"dependencies":[],"dependents":[],"parameterHints":{},"isOnPremiseConnection":false,"bypassConsent":false,"dataSets":{},"apiTier":"Standard","isCustomApiConnection":false},"b4e1d9a0-a60a-441e-82df-317126adb944":{"id":"694e2fb0-92fa-462e-85d4-d0f58167ef10","displayName":"Office 365 Groups","iconUri":"https://connectoricons-prod.azureedge.net/releases/v1.0.1385/1.0.1385.2110/office365groups/icon.png","dataSources":["Office365Groups"],"dependencies":[],"dependents":[],"parameterHints":{},"isOnPremiseConnection":false,"bypassConsent":false,"dataSets":{},"apiTier":"Standard","isCustomApiConnection":false},"7dc290f3-269e-4870-aa79-98dee273ae56":{"id":"b55e4e96-0c5f-451a-bb22-6fefac66f285","displayName":"Bing Maps","iconUri":"https://connectoricons-prod.azureedge.net/releases/v1.0.1371/1.0.1371.2074/bingmaps/icon.png","dataSources":["BingMaps"],"dependencies":[],"dependents":[],"parameterHints":{},"isOnPremiseConnection":false,"sharedConnectionId":"e40293e7-af64-4f8f-bb88-62b0e4f1bc87","bypassConsent":false,"dataSets":{},"apiTier":"Standard","isCustomApiConnection":false},"3c1df8fa-1c3d-42d8-959c-66516267271d":{"id":"e15c30a6-b7b2-41ec-8d0c-56193c431997","displayName":"Microsoft Teams","iconUri":"https://connectoricons-prod.azureedge.net/releases/v1.0.1391/1.0.1391.2130/teams/icon.png","dataSources":["MicrosoftTeams"],"dependencies":[],"dependents":[],"parameterHints":{},"isOnPremiseConnection":false,"bypassConsent":false,"dataSets":{},"apiTier":"Standard","isCustomApiConnection":false},"875bbb78-a19d-4a6f-959a-d5b9fb831f63":{"id":"b2635341-b451-462f-abd8-1c8848a9f2f8","displayName":"SharePoint","iconUri":"https://connectoricons-prod.azureedge.net/releases/v1.0.1398/1.0.1398.2149/sharepointonline/icon.png","dataSources":["Check-inSchedule","UserCheck-ins"],"dependencies":[],"dependents":[],"parameterHints":{},"isOnPremiseConnection":false,"bypassConsent":false,"dataSets":{"https://m365x250051.sharepoint.com/sites/Rishabh-staff-check-ins":{"dataSources":{"Check-inSchedule":{"tableName":"6faed611-4717-48ea-ba60-d6067f922753"},"UserCheck-ins":{"tableName":"b3b3c86b-cc0e-4db6-8634-d88e4fed541e"}}}},"apiTier":"Standard","isCustomApiConnection":false}},"databaseReferences":{},"almMode":"Environment","performanceOptimizationEnabled":true,"canConsumeAppPass":true},"isAppComponentLibrary":false,"appType":"ClassicCanvasApp","appComponents":[]}}